오류 유형,모델,Q,정답,생성,label
빈 응답,베이스라인 (최종),몸이 아프니깐 더 힘드네,더 힘들기 마련이에요.,,1 이별(부정)
단일 토큰 반복,KoBART B2 lr=5e-5 +warmup,새로운 사랑을 시작하기에 앞서서.,지난 사랑은 걱정하지 말아요.,새로운 시작 시작하기 좋은 계절이에요.,1 이별(부정)
단일 토큰 반복,KoBART B1 lr=2e-5 고정,면세에서 뭐 사지,제 선물 사오세요.,면세점 면세점에서 쇼핑을 해보세요.,0 일상
구 단위 반복,베이스라인 (최종),먹고 자고 놀고만 싶어,저도 그러고 싶네요.,서로를 서로를.,0 일상
구 단위 반복,KoBART (EOS 결함),사랑할수록 아프다,그 것도 사랑이예요.,사랑하면 아프지 않아요. 자연스러운 현상이에요. 자연스러운 현상이,2 사랑
질문 복사,KoBART B1 lr=2e-5 고정,무언가에 집중하는 남자가 좋아,매력적인 사람이지요.,무언가에 집중해보세요.,2 사랑
질문 복사,KoBART B0 lr=5e-5 고정,격려가 필요해.,잘하실 거예요!,격려가 드리고 싶네요.,0 일상
표면 불일치,KoBART B1 lr=2e-5 고정,입고 나갈 게 없어,아침마다 하는 고민이죠.,파이팅!,0 일상
표면 불일치,KoBART B1 lr=2e-5 고정,조심조심,안전이 최고죠!,조심하세요.,0 일상
